Date,title
2016/1/6,向法治建设要核心竞争力（人民要论）
2016/1/7,新兴市场经济体加紧应对美联储加息（国际视点）
2016/1/13,是否脱离欧盟让英国很纠结（国际视点）
2016/1/14,李克强主持召开国务院常务会议
2016/1/22,2016年，欧洲寻找危机应对之道（权威论坛）
2016/1/28,李克强主持召开国务院常务会议
2016/2/3,应对货币政策分化冲击波
2016/2/16,银行间债券市场首次向个人开放
2016/2/18,李克强主持召开国务院常务会议
2016/2/25,英镑汇率大跌至7年来新低
2016/3/6,李克强作的政府工作报告（摘登）
2016/3/17,李克强总理答中外记者问
2016/3/18,政府工作报告
2016/3/18,中华人民共和国国民经济和社会发展第十三个五年规划纲要
2016/3/19,关于2015年国民经济和社会发展计划执行情况与2016年国民经济和社会发展计划草案的报告
2016/4/1,避险情绪升温推高黄金价格（经济透视）
2016/4/5,承认吧，我们都会犯“错”
2016/4/14,负利率，何以治标不治本（权威论坛）
2016/4/18,改革开放以来物价周期波动及启示
2016/4/22,美联储进退维谷（经济透视）
2016/5/5,日本货币政策陷入困境（经济透视）
2016/5/16,国际黄金市场缘何暖风劲吹
2016/6/9,第八轮中美战略与经济对话框架下经济对话联合成果情况说明
2016/6/22,持续加大支持实体经济力度 不断深化金融领域各项改革
2016/6/28,感受转型的力量
2016/7/12,不良债务拖累意大利银行
2016/7/18,民企为何“站在门外看”（特别报道·PPP的故事②）
2016/7/28,李克强主持召开国务院常务会议
2016/7/29,PPP落地在加快（经济聚焦）
2016/8/9,多国央行开启新一轮货币宽松政策
2016/8/15,大宗商品价格回暖能持续吗
2016/8/24,积极稳妥去杠杆（新知新觉）
2016/8/29,去杠杆，企业过得怎么样？（热点聚焦）
2016/9/2,李克强主持召开国务院常务会议
2016/9/2,中国绿色金融体系雏形初现
2016/9/5,中美元首杭州会晤中方成果清单
2016/9/6,二十国集团领导人杭州峰会公报
2016/9/7,杭州行动计划
2016/9/7,李克强主持召开国务院常务会议
2016/9/25,在第六届中加经贸合作论坛上的致辞
2016/10/17,金砖国家领导人第八次会晤果阿宣言
2016/10/17,深港通这列“快车”怎么搭（热点聚焦）
2016/10/20,应对全球经济低增长（经济透视）
2016/10/25,完善全球金融治理 促进世界经济增长（深入学习贯彻习近平同志系列重要讲话精神）
2016/11/7,在第五次中国—中东欧国家领导人会晤时的讲话
2016/11/22,增强供给侧结构性改革的耦合性
2016/12/11,妨碍美国经济增长 威胁世界经济安全(人民观察)
2016/12/19,积极+稳健：老组合有啥新看点？
2017/1/3,拉美经济，能重现生机吗
2017/2/6,融资平台，换个“马甲”就安全吗？（热点聚焦·金融风险怎么防①）
2017/2/8,德意志银行再陷巨额亏损窘境
2017/2/22,大宗商品市场乍暖还寒（经济透视）
2017/2/24,李克强主持召开国务院常务会议
2017/2/27,股市稳定运行靠什么？（热点聚焦·金融风险怎么防④）
2017/3/6,关于2016年中央和地方预算执行情况与2017年中央和地方预算草案的报告（摘要）
2017/3/6,李克强作的政府工作报告（摘登）
2017/3/14,我们为什么看涨中国（权威论坛）
2017/3/16,李克强总理答中外记者问
2017/3/16,直面热点问题 回应百姓关切
2017/3/17,政府工作报告
2017/3/18,关于2016年国民经济和社会发展计划执行情况与2017年国民经济和社会发展计划草案的报告
2017/3/18,关于2016年中央和地方预算执行情况与2017年中央和地方预算草案的报告
2017/3/24,股指期货应充分发挥避险功能
2017/4/21,跨境资金流出压力持续缓解（在国新办新闻发布会上）
2017/5/12,架起资金融通的桥梁（在国新办新闻发布会上）
2017/6/8,外汇储备连续第四个月上升（读数·发现经济运行的轨迹）
2017/6/9,南非经济出现“技术性衰退”
2017/6/12,美国政府能否撬动万亿基建投资？
2017/6/14,护航一带一路，律师大有可为（对话）
2017/6/15,李克强主持召开国务院常务会议
2017/6/26,联姻+转型，美国食品零售业走向深度整合
2017/6/27,阿根廷期盼走出债务危机泥潭
2017/7/6,柬埔寨推动金融业包容性增长
2017/7/10,美联储为资产负债挤水分
2017/7/13,李克强主持召开国务院常务会议
2017/7/13,中国经济向好势头不减（经济形势理性看）
2017/8/7,美国经济延续温和复苏态势
2017/8/14,黄金需求疲软的背后（经济透视）
2017/9/4,共同开创金砖合作第二个“金色十年”
2017/9/5,金砖国家领导人厦门宣言
2017/9/7,金砖合作迈入新的历史阶段
2017/9/7,深化金砖合作，助推五国经济增加动力(金砖合作再出发)
2017/9/28,李克强主持召开国务院常务会议
2017/10/11,防范新一轮债务风险（经济透视）
2017/10/31,李克强主持召开国务院常务会议
2017/11/10,为亚太共同未来创造新动力（权威论坛）
2017/11/13,长租公寓的春天来了吗（产经观察·关注租购并举（下））
2017/12/29,充分发挥审计监督防风险作用（治理之道）
2018/1/9,欧元能否再聚精气神（经济透视）
2018/1/17,打好防范化解重大金融风险攻坚战（权威访谈）
2018/1/19,解决小微企业融资难融资贵问题（新知新觉）
2018/1/26,财政运行平稳 收入增速加快
2018/2/7,图片报道
2018/2/8,金流直通促两岸融合（微言）
2018/3/6,李克强作的政府工作报告（摘登）
2018/3/23,政府工作报告
2018/3/24,关于2017年国民经济和社会发展计划执行情况与2018年国民经济和社会发展计划草案的报告
2018/3/24,关于2017年中央和地方预算执行情况与2018年中央和地方预算草案的报告
2018/3/28,图片报道
2018/4/9,余额宝为什么限购“瘦身”？（热点聚焦）
2018/5/7,基金，养老钱的“新管家”（热点聚焦·你的养老钱放在哪儿？③）
2018/5/7,金融合作助力一带一路建设(权威论坛)
2018/5/10,第七次中日韩领导人会议联合宣言
2018/5/16,打好防范系统性金融风险攻坚战
2018/5/18,欧洲经济增长面临不确定性（经济透视）
2018/5/31,李克强主持召开国务院常务会议
2018/6/6,欧元区改革进程将会非常艰难（国际视点）
2018/6/7,拉美经济缓慢复苏（经济透视）
2018/6/9,中华人民共和国和俄罗斯联邦联合声明
2018/6/13,希腊经济逐渐走出低谷（国际视点）
2018/6/19,新三板，制度变革助力新经济（经济聚焦）
2018/7/7,扰乱全球经济 危害美国自身
2018/7/8,在第七次中国—中东欧国家领导人会晤上的讲话
2018/7/12,中国股市新观察
2018/7/13,欧洲经济努力走出危机阴影
2018/7/16,阿根廷汇市暂时渐趋平稳
2018/7/16,走进一线探融资（特别报道）
2018/7/17,在关键核心技术上力求突破（评论员观察）
2018/7/24,公安机关和证监会分别立案调查长生生物
2018/7/24,李克强主持召开国务院常务会议
2018/7/24,明确公募资产管理产品投资范围
2018/8/1,拉美地区共同反对贸易保护主义
2018/8/10,坚定去杠杆，把握好力度和节奏
2018/8/10,理性认识我国经济运行的基本面（经济形势理性看）
2018/8/11,稳预期，不畏浮云遮望眼（经济形势年中看）
2018/8/13,巴黎、法兰克福都想成为“下一个伦敦”
2018/8/23,李克强主持召开国务院常务会议
2018/8/31,李克强主持召开国务院常务会议
2018/9/4,携手共命运 同心促发展
2018/9/7,李克强主持召开国务院常务会议
2018/9/19,李克强主持召开国务院常务会议
2018/9/25,关于中美经贸摩擦的事实与中方立场
2018/9/27,中共中央国务院印发《乡村振兴战略规划（2018—2022年）》
2018/10/8,开放包容 天地更宽（每月经济观察）
2018/10/8,我国外汇储备规模30870亿美元
2018/10/9,“我们对中国经济的前景是乐观的”
2018/10/9,李克强主持召开国务院常务会议
2018/10/18,在中国—荷兰经贸论坛上的主旨演讲
2018/10/20,谈当前经济金融热点问题
2018/10/22,资金流入也是信心流入（金海观潮）
2018/10/23,李克强主持召开国务院常务会议
2018/11/2,在民营企业座谈会上的讲话
2018/11/10,李克强主持召开国务院常务会议
2018/11/16,在第二十一次东盟与中日韩领导人会议上的讲话
2018/12/19,中国对欧盟政策文件
2019/1/8,去年我国外汇储备规模总体保持稳定
2019/1/10,李克强主持召开国务院常务会议
2019/1/10,"实施好稳健的货币政策
提高金融体系服务实体经济能力（贯彻落实中央经济工作会议精神·出实招 办实事 求实效）"
2019/1/23,我国经济何以长期向好（经济形势理性看）
2019/1/28,发得快还要用得好（财经眼）
2019/1/31,李克强主持召开国务院常务会议
2019/2/12,李克强主持召开国务院常务会议
2019/2/19,《粤港澳大湾区发展规划纲要》
2019/3/6,李克强作的政府工作报告（摘登）
2019/3/17,政府工作报告
2019/3/18,关于2018年国民经济和社会发展计划执行情况与2019年国民经济和社会发展计划草案的报告
2019/3/18,关于2018年中央和地方预算执行情况与2019年中央和地方预算草案的报告
2019/3/30,携手应对挑战 实现共同发展
2019/4/15,外汇储备为何连续五月上升（经济聚焦）
2019/4/18,李克强主持召开国务院常务会议
2019/5/8,30950亿美元 4月末我国外汇储备（数读）
2019/6/3,会当水击三千里（“今日之中国”系列述评）
2019/6/3,五个角度深入了解科创板（财经眼）
2019/6/3,中国资本市场韧性在增强 抗风险能力在提高
2019/6/11,5月末我国外汇储备31010亿美元
2019/6/13,5月人民币贷款增加1.18万亿元
2019/6/19,以地方专项债助力高质量发展（评论员观察）
2019/6/24,稳妥推进利率“两轨合一轨”（财经眼）
2019/6/27,李克强主持召开国务院常务会议
2019/6/29,金砖国家领导人大阪会晤联合新闻公报
2019/7/4,在第十三届夏季达沃斯论坛开幕式上的致辞
2019/7/8,关键“引擎”平稳运行（中国经济纵深谈④）
2019/7/19,人民币走稳有底气（中国经济纵深谈⑥）
2019/7/29,在全国深化“放管服”改革 优化营商环境电视电话会议上的讲话
2019/7/31,办好自己的事 下半年这样干（经济新方位）
2019/8/6,新一轮宽松带来多重不确定影响（经济透视）
2019/9/5,李克强主持召开国务院常务会议
2019/9/6,美国制造业疲软加剧市场担忧
2019/9/18,中俄总理第二十四次定期会晤联合公报
2019/9/25,70年 经济社会跨越式发展（权威发布）
2019/10/31,走向更加广阔的舞台
2019/11/7,习近平同法国总统马克龙会谈
2019/11/8,李克强主持召开国务院常务会议
2019/11/15,金砖国家领导人第十一次会晤巴西利亚宣言
2019/11/23,以创新合作共创美好未来
2019/12/2,长江三角洲区域一体化发展规划纲要
2020/1/4,李克强主持召开国务院常务会议
2020/1/8,我国外储规模达3.1万亿美元
2020/1/15,讨论《政府工作报告（征求意见稿）》
2020/2/27,统筹推进疫情防控和经济社会发展（人民要论）
2020/3/12,李克强主持召开国务院常务会议
2020/3/24,中华人民共和国证券法
2020/3/28,中共中央政治局召开会议
2020/4/1,李克强主持召开国务院常务会议
2020/4/18,中共中央政治局召开会议
2020/4/22,以更大力度宏观政策对冲疫情影响（经济新方位）
2020/4/22,以积极作为应对不确定性（人民论坛）
2020/5/8,英国经济面临更大不确定性
2020/5/11,专项债撬动有效投资(财经眼·“工具箱”里探“工具”③)
2020/5/12,欧盟多策并举应对经济衰退（国际视点）
2020/5/13,坚定实施扩大内需战略（经济形势理性看）
2020/5/13,美国失业率创新高
2020/5/14,积极的财政政策要更加积极有为
2020/5/23,关于2019年中央和地方预算执行情况与2020年中央和地方预算草案的报告（摘要）
2020/5/23,积极财政政策如何更积极有为
2020/5/23,李克强作的政府工作报告（摘登）
2020/5/23,有决心有能力完成全年目标任务（决胜全面小康）
2020/5/26,扩内需 激活发展新动能（决胜全面小康）
2020/5/29,李克强总理出席记者会并回答中外记者提问
2020/5/30,政府工作报告
2020/5/31,关于2019年国民经济和社会发展计划执行情况与2020年国民经济和社会发展计划草案的报告
2020/5/31,关于2019年中央和地方预算执行情况与2020年中央和地方预算草案的报告
2020/6/12,美联储宣布维持低利率
2020/6/15,全球汽车业努力复苏（国际视点）
2020/6/18,李克强主持召开国务院常务会议
2020/6/20,外汇市场供求总体平衡
2020/6/24,英国央行宣布债券增持计划
2020/7/2,李克强主持召开国务院常务会议
2020/7/8,新兴经济体应协调防范外溢效应（国际视点）
2020/7/13,净值有起伏 购买应理性（财经眼·百姓理财新观察②）
2020/7/16,李克强主持召开国务院常务会议
2020/7/30,推动共同发展，打造多边合作新典范
2020/8/5,经济稳步复苏彰显中国经济韧性和制度优势(经济形势理性看)
2020/8/6,乘势而上，巩固扩大经济恢复成果（权威访谈）
2020/8/7,阿根廷与国际债权人达成债务重组协议
2020/8/14,金融助力经济行稳致远（权威访谈）
2020/8/26,提高金融服务新发展格局的能力
2020/9/20,8月外汇市场供求基本平衡
2020/9/24,李克强主持召开国务院常务会议
2020/10/22,“中国是全球贸易复苏的重要贡献者”
2021/2/4,李克强主持召开国务院常务会议
2021/3/6,李克强作的政府工作报告（摘登）
2021/3/13,政府工作报告
2021/10/28,李克强主持召开国务院常务会议
2021/11/25,李克强主持召开国务院常务会议
2021/12/16,李克强主持召开国务院常务会议
2022/1/11,李克强主持召开国务院常务会议
2022/3/6,李克强作的政府工作报告（摘登）
2022/3/13,政府工作报告
2022/3/31,李克强主持召开国务院常务会议
2022/5/24,李克强主持召开国务院常务会议
2022/6/15,图片报道
2022/7/1,李克强主持召开国务院常务会议
2023/3/6,李克强作的政府工作报告（摘登）
2023/3/15,政府工作报告
